game_id,season,week,home,away,pred,sd,result
2025_01_DAL_PHI,2025,1,PHI,DAL,7.04,12.96,4.0
2025_01_KC_LAC,2025,1,LAC,KC,-1.61,12.96,6.0
2025_01_ARI_NO,2025,1,NO,ARI,-3.81,12.96,-7.0
2025_01_BAL_BUF,2025,1,BUF,BAL,2.1,12.96,1.0
2025_01_CAR_JAX,2025,1,JAX,CAR,5.98,12.96,16.0
2025_01_CIN_CLE,2025,1,CLE,CIN,-4.12,12.96,-1.0
2025_01_DET_GB,2025,1,GB,DET,0.66,12.96,14.0
2025_01_HOU_LA,2025,1,LA,HOU,3.34,12.96,5.0
2025_01_LV_NE,2025,1,NE,LV,-0.81,12.96,-7.0
2025_01_MIA_IND,2025,1,IND,MIA,-1.75,12.96,25.0
2025_01_NYG_WAS,2025,1,WAS,NYG,5.83,12.96,15.0
2025_01_PIT_NYJ,2025,1,NYJ,PIT,-4.8,12.96,-2.0
2025_01_SF_SEA,2025,1,SEA,SF,-1.12,12.96,-4.0
2025_01_TB_ATL,2025,1,ATL,TB,-3.08,12.96,-3.0
2025_01_TEN_DEN,2025,1,DEN,TEN,7.24,12.96,8.0
2025_01_MIN_CHI,2025,1,CHI,MIN,-0.14,12.96,-3.0
2025_02_WAS_GB,2025,2,GB,WAS,2.26,12.96,9.0
2025_02_ATL_MIN,2025,2,MIN,ATL,3.38,12.96,-16.0
2025_02_BUF_NYJ,2025,2,NYJ,BUF,-6.96,12.96,-20.0
2025_02_CAR_ARI,2025,2,ARI,CAR,10.51,12.96,5.0
2025_02_CHI_DET,2025,2,DET,CHI,8.64,12.96,31.0
2025_02_CLE_BAL,2025,2,BAL,CLE,11.82,12.96,24.0
2025_02_DEN_IND,2025,2,IND,DEN,-0.02,12.96,1.0
2025_02_JAX_CIN,2025,2,CIN,JAX,4.97,12.96,4.0
2025_02_LA_TEN,2025,2,TEN,LA,-3.42,12.96,-14.0
2025_02_NE_MIA,2025,2,MIA,NE,5.04,12.96,-6.0
2025_02_NYG_DAL,2025,2,DAL,NYG,5.03,12.96,3.0
2025_02_PHI_KC,2025,2,KC,PHI,0.63,12.96,-3.0
2025_02_SEA_PIT,2025,2,PIT,SEA,6.69,12.96,-14.0
2025_02_SF_NO,2025,2,NO,SF,-0.21,12.96,-5.0
2025_02_LAC_LV,2025,2,LV,LAC,-1.38,12.96,-11.0
2025_02_TB_HOU,2025,2,HOU,TB,-3.08,12.96,-1.0
2025_03_MIA_BUF,2025,3,BUF,MIA,9.93,12.96,10.0
2025_03_ARI_SF,2025,3,SF,ARI,-1.39,12.96,1.0
2025_03_ATL_CAR,2025,3,CAR,ATL,-6.32,12.96,30.0
2025_03_CIN_MIN,2025,3,MIN,CIN,1.06,12.96,38.0
2025_03_DAL_CHI,2025,3,CHI,DAL,-2.34,12.96,17.0
2025_03_DEN_LAC,2025,3,LAC,DEN,2.72,12.96,3.0
2025_03_GB_CLE,2025,3,CLE,GB,-8.43,12.96,3.0
2025_03_HOU_JAX,2025,3,JAX,HOU,3.39,12.96,7.0
2025_03_IND_TEN,2025,3,TEN,IND,-5.76,12.96,-21.0
2025_03_KC_NYG,2025,3,NYG,KC,-4.13,12.96,-13.0
2025_03_LA_PHI,2025,3,PHI,LA,5.7,12.96,7.0
2025_03_LV_WAS,2025,3,WAS,LV,2.28,12.96,17.0
2025_03_NO_SEA,2025,3,SEA,NO,7.53,12.96,31.0
2025_03_NYJ_TB,2025,3,TB,NYJ,8.26,12.96,2.0
2025_03_PIT_NE,2025,3,NE,PIT,-1.4,12.96,-7.0
2025_03_DET_BAL,2025,3,BAL,DET,2.92,12.96,-8.0
2025_04_SEA_ARI,2025,4,ARI,SEA,0.08,12.96,-3.0
2025_04_BAL_KC,2025,4,KC,BAL,0.79,12.96,17.0
2025_04_CAR_NE,2025,4,NE,CAR,5.58,12.96,29.0
2025_04_CHI_LV,2025,4,LV,CHI,3.16,12.96,-1.0
2025_04_CLE_DET,2025,4,DET,CLE,13.94,12.96,24.0
2025_04_GB_DAL,2025,4,DAL,GB,-4.94,12.96,0.0
2025_04_IND_LA,2025,4,LA,IND,3.84,12.96,7.0
2025_04_JAX_SF,2025,4,SF,JAX,5.76,12.96,-5.0
2025_04_LAC_NYG,2025,4,NYG,LAC,-7.3,12.96,3.0
2025_04_MIN_PIT,2025,4,PIT,MIN,-0.47,12.96,3.0
2025_04_NO_BUF,2025,4,BUF,NO,15.42,12.96,12.0
2025_04_PHI_TB,2025,4,TB,PHI,-4.06,12.96,-6.0
2025_04_TEN_HOU,2025,4,HOU,TEN,7.93,12.96,26.0
2025_04_WAS_ATL,2025,4,ATL,WAS,-1.2,12.96,7.0
2025_04_CIN_DEN,2025,4,DEN,CIN,7.95,12.96,25.0
2025_04_NYJ_MIA,2025,4,MIA,NYJ,4.45,12.96,6.0
2025_05_SF_LA,2025,5,LA,SF,8.86,12.96,-3.0
2025_05_DAL_NYJ,2025,5,NYJ,DAL,2.74,12.96,-15.0
2025_05_DEN_PHI,2025,5,PHI,DEN,4.78,12.96,-4.0
2025_05_DET_CIN,2025,5,CIN,DET,-8.68,12.96,-13.0
2025_05_HOU_BAL,2025,5,BAL,HOU,-1.6,12.96,-34.0
2025_05_LV_IND,2025,5,IND,LV,7.51,12.96,34.0
2025_05_MIA_CAR,2025,5,CAR,MIA,-4.71,12.96,3.0
2025_05_MIN_CLE,2025,5,CLE,MIN,-5.47,12.96,-4.0
2025_05_NE_BUF,2025,5,BUF,NE,10.51,12.96,-3.0
2025_05_NYG_NO,2025,5,NO,NYG,0.62,12.96,12.0
2025_05_TB_SEA,2025,5,SEA,TB,6.91,12.96,-3.0
2025_05_TEN_ARI,2025,5,ARI,TEN,9.61,12.96,-1.0
2025_05_WAS_LAC,2025,5,LAC,WAS,4.27,12.96,-17.0
2025_05_KC_JAX,2025,5,JAX,KC,-3.22,12.96,3.0
2025_06_PHI_NYG,2025,6,NYG,PHI,-9.48,12.96,17.0
2025_06_ARI_IND,2025,6,IND,ARI,8.32,12.96,4.0
2025_06_CIN_GB,2025,6,GB,CIN,12.93,12.96,9.0
2025_06_CLE_PIT,2025,6,PIT,CLE,10.98,12.96,14.0
2025_06_DAL_CAR,2025,6,CAR,DAL,-3.74,12.96,3.0
2025_06_DEN_NYJ,2025,6,NYJ,DEN,-8.41,12.96,-2.0
2025_06_DET_KC,2025,6,KC,DET,-0.4,12.96,13.0
2025_06_LAC_MIA,2025,6,MIA,LAC,2.73,12.96,-2.0
2025_06_LA_BAL,2025,6,BAL,LA,-2.96,12.96,-14.0
2025_06_NE_NO,2025,6,NO,NE,-2.51,12.96,-6.0
2025_06_SEA_JAX,2025,6,JAX,SEA,-0.45,12.96,-8.0
2025_06_SF_TB,2025,6,TB,SF,5.83,12.96,11.0
2025_06_TEN_LV,2025,6,LV,TEN,3.17,12.96,10.0
2025_06_BUF_ATL,2025,6,ATL,BUF,-4.19,12.96,10.0
2025_06_CHI_WAS,2025,6,WAS,CHI,7.85,12.96,-1.0
2025_07_PIT_CIN,2025,7,CIN,PIT,-7.16,12.96,2.0
2025_07_ATL_SF,2025,7,SF,ATL,0.09,12.96,10.0
2025_07_CAR_NYJ,2025,7,NYJ,CAR,2.88,12.96,-7.0
2025_07_GB_ARI,2025,7,ARI,GB,-3.48,12.96,-4.0
2025_07_IND_LAC,2025,7,LAC,IND,-2.4,12.96,-14.0
2025_07_LA_JAX,2025,7,JAX,LA,-2.97,12.96,-28.0
2025_07_LV_KC,2025,7,KC,LV,13.69,12.96,31.0
2025_07_MIA_CLE,2025,7,CLE,MIA,-4.82,12.96,25.0
2025_07_NE_TEN,2025,7,TEN,NE,-6.98,12.96,-18.0
2025_07_NO_CHI,2025,7,CHI,NO,5.34,12.96,12.0
2025_07_NYG_DEN,2025,7,DEN,NYG,9.46,12.96,1.0
2025_07_PHI_MIN,2025,7,MIN,PHI,-2.49,12.96,-6.0
2025_07_WAS_DAL,2025,7,DAL,WAS,-0.91,12.96,22.0
2025_07_HOU_SEA,2025,7,SEA,HOU,0.44,12.96,8.0
2025_07_TB_DET,2025,7,DET,TB,6.98,12.96,15.0
2025_08_MIN_LAC,2025,8,LAC,MIN,0.6,12.96,27.0
2025_08_BUF_CAR,2025,8,CAR,BUF,-6.02,12.96,-31.0
2025_08_CHI_BAL,2025,8,BAL,CHI,0.67,12.96,14.0
2025_08_CLE_NE,2025,8,NE,CLE,9.12,12.96,19.0
2025_08_DAL_DEN,2025,8,DEN,DAL,2.2,12.96,20.0
2025_08_GB_PIT,2025,8,PIT,GB,0.11,12.96,-10.0
2025_08_MIA_ATL,2025,8,ATL,MIA,3.06,12.96,-24.0
2025_08_NYG_PHI,2025,8,PHI,NYG,8.28,12.96,18.0
2025_08_NYJ_CIN,2025,8,CIN,NYJ,3.8,12.96,-1.0
2025_08_SF_HOU,2025,8,HOU,SF,6.89,12.96,11.0
2025_08_TB_NO,2025,8,NO,TB,-4.39,12.96,-20.0
2025_08_TEN_IND,2025,8,IND,TEN,15.68,12.96,24.0
2025_08_WAS_KC,2025,8,KC,WAS,6.06,12.96,21.0
2025_09_BAL_MIA,2025,9,MIA,BAL,-3.05,12.96,-22.0
2025_09_ATL_NE,2025,9,NE,ATL,7.73,12.96,1.0
2025_09_CAR_GB,2025,9,GB,CAR,15.52,12.96,-3.0
2025_09_CHI_CIN,2025,9,CIN,CHI,-0.47,12.96,-5.0
2025_09_DEN_HOU,2025,9,HOU,DEN,2.99,12.96,-3.0
2025_09_IND_PIT,2025,9,PIT,IND,-1.48,12.96,7.0
2025_09_JAX_LV,2025,9,LV,JAX,0.68,12.96,-1.0
2025_09_KC_BUF,2025,9,BUF,KC,-0.53,12.96,7.0
2025_09_LAC_TEN,2025,9,TEN,LAC,-10.07,12.96,-7.0
2025_09_MIN_DET,2025,9,DET,MIN,13.24,12.96,-3.0
2025_09_NO_LA,2025,9,LA,NO,12.09,12.96,24.0
2025_09_SEA_WAS,2025,9,WAS,SEA,-0.23,12.96,-24.0
2025_09_SF_NYG,2025,9,NYG,SF,0.27,12.96,-10.0
2025_09_ARI_DAL,2025,9,DAL,ARI,3.58,12.96,-10.0
2025_10_LV_DEN,2025,10,DEN,LV,10.34,12.96,3.0
2025_10_ARI_SEA,2025,10,SEA,ARI,6.58,12.96,22.0
2025_10_ATL_IND,2025,10,IND,ATL,7.45,12.96,6.0
2025_10_BAL_MIN,2025,10,MIN,BAL,-6.53,12.96,-8.0
2025_10_BUF_MIA,2025,10,MIA,BUF,-5.77,12.96,17.0
2025_10_CLE_NYJ,2025,10,NYJ,CLE,3.15,12.96,7.0
2025_10_DET_WAS,2025,10,WAS,DET,-6.57,12.96,-22.0
2025_10_JAX_HOU,2025,10,HOU,JAX,3.81,12.96,7.0
2025_10_LA_SF,2025,10,SF,LA,-5.04,12.96,-16.0
2025_10_NE_TB,2025,10,TB,NE,3.55,12.96,-5.0
2025_10_NO_CAR,2025,10,CAR,NO,4.8,12.96,-10.0
2025_10_NYG_CHI,2025,10,CHI,NYG,4.73,12.96,4.0
2025_10_PIT_LAC,2025,10,LAC,PIT,1.42,12.96,15.0
2025_10_PHI_GB,2025,10,GB,PHI,0.17,12.96,-3.0
2025_11_NYJ_NE,2025,11,NE,NYJ,9.09,12.96,13.0
2025_11_BAL_CLE,2025,11,CLE,BAL,-8.66,12.96,-7.0
2025_11_CAR_ATL,2025,11,ATL,CAR,5.2,12.96,-3.0
2025_11_CHI_MIN,2025,11,MIN,CHI,-0.08,12.96,-2.0
2025_11_CIN_PIT,2025,11,PIT,CIN,7.65,12.96,22.0
2025_11_DET_PHI,2025,11,PHI,DET,2.22,12.96,7.0
2025_11_GB_NYG,2025,11,NYG,GB,-8.22,12.96,-7.0
2025_11_HOU_TEN,2025,11,TEN,HOU,-6.47,12.96,-3.0
2025_11_KC_DEN,2025,11,DEN,KC,-2.63,12.96,3.0
2025_11_LAC_JAX,2025,11,JAX,LAC,-3.73,12.96,29.0
2025_11_SEA_LA,2025,11,LA,SEA,3.39,12.96,2.0
2025_11_SF_ARI,2025,11,ARI,SF,-5.92,12.96,-19.0
2025_11_TB_BUF,2025,11,BUF,TB,4.18,12.96,12.0
2025_11_WAS_MIA,2025,11,MIA,WAS,3.67,12.96,3.0
2025_11_DAL_LV,2025,11,LV,DAL,-2.37,12.96,-17.0
2025_12_BUF_HOU,2025,12,HOU,BUF,-4.68,12.96,4.0
2025_12_ATL_NO,2025,12,NO,ATL,-2.11,12.96,-14.0
2025_12_CLE_LV,2025,12,LV,CLE,1.8,12.96,-14.0
2025_12_IND_KC,2025,12,KC,IND,4.54,12.96,3.0
2025_12_JAX_ARI,2025,12,ARI,JAX,-1.24,12.96,-3.0
2025_12_MIN_GB,2025,12,GB,MIN,6.49,12.96,17.0
2025_12_NE_CIN,2025,12,CIN,NE,-9.27,12.96,-6.0
2025_12_NYG_DET,2025,12,DET,NYG,12.49,12.96,7.0
2025_12_NYJ_BAL,2025,12,BAL,NYJ,12.27,12.96,13.0
2025_12_PHI_DAL,2025,12,DAL,PHI,-3.16,12.96,3.0
2025_12_PIT_CHI,2025,12,CHI,PIT,0.19,12.96,3.0
2025_12_SEA_TEN,2025,12,TEN,SEA,-12.09,12.96,-6.0
2025_12_TB_LA,2025,12,LA,TB,5.59,12.96,27.0
2025_12_CAR_SF,2025,12,SF,CAR,12.69,12.96,11.0
2025_13_CIN_BAL,2025,13,BAL,CIN,10.76,12.96,-18.0
2025_13_GB_DET,2025,13,DET,GB,4.26,12.96,-7.0
2025_13_KC_DAL,2025,13,DAL,KC,-3.65,12.96,3.0
2025_13_CHI_PHI,2025,13,PHI,CHI,7.78,12.96,-9.0
2025_13_ARI_TB,2025,13,TB,ARI,6.63,12.96,3.0
2025_13_ATL_NYJ,2025,13,NYJ,ATL,0.75,12.96,3.0
2025_13_BUF_PIT,2025,13,PIT,BUF,-0.47,12.96,-19.0
2025_13_DEN_WAS,2025,13,WAS,DEN,-4.24,12.96,-1.0
2025_13_HOU_IND,2025,13,IND,HOU,3.07,12.96,-4.0
2025_13_JAX_TEN,2025,13,TEN,JAX,-6.73,12.96,-22.0
2025_13_LA_CAR,2025,13,CAR,LA,-11.77,12.96,3.0
2025_13_LV_LAC,2025,13,LAC,LV,9.23,12.96,17.0
2025_13_MIN_SEA,2025,13,SEA,MIN,10.09,12.96,26.0
2025_13_NO_MIA,2025,13,MIA,NO,11.28,12.96,4.0
2025_13_SF_CLE,2025,13,CLE,SF,-7.1,12.96,-18.0
2025_13_NYG_NE,2025,13,NE,NYG,7.42,12.96,18.0
2025_14_DAL_DET,2025,14,DET,DAL,5.95,12.96,14.0
2025_14_CHI_GB,2025,14,GB,CHI,8.84,12.96,7.0
2025_14_CIN_BUF,2025,14,BUF,CIN,8.14,12.96,5.0
2025_14_DEN_LV,2025,14,LV,DEN,-8.48,12.96,-7.0
2025_14_HOU_KC,2025,14,KC,HOU,3.01,12.96,-10.0
2025_14_IND_JAX,2025,14,JAX,IND,-1.86,12.96,17.0
2025_14_LA_ARI,2025,14,ARI,LA,-7.96,12.96,-28.0
2025_14_MIA_NYJ,2025,14,NYJ,MIA,-2.04,12.96,-24.0
2025_14_NO_TB,2025,14,TB,NO,9.53,12.96,-4.0
2025_14_PIT_BAL,2025,14,BAL,PIT,6.19,12.96,-5.0
2025_14_SEA_ATL,2025,14,ATL,SEA,-7.13,12.96,-28.0
2025_14_TEN_CLE,2025,14,CLE,TEN,4.8,12.96,-2.0
2025_14_WAS_MIN,2025,14,MIN,WAS,0.31,12.96,31.0
2025_14_PHI_LAC,2025,14,LAC,PHI,0.35,12.96,3.0
2025_15_ATL_TB,2025,15,TB,ATL,2.31,12.96,-1.0
2025_15_ARI_HOU,2025,15,HOU,ARI,13.4,12.96,20.0
2025_15_BAL_CIN,2025,15,CIN,BAL,-1.47,12.96,-24.0
2025_15_BUF_NE,2025,15,NE,BUF,-1.54,12.96,-4.0
2025_15_CAR_NO,2025,15,NO,CAR,0.92,12.96,3.0
2025_15_CLE_CHI,2025,15,CHI,CLE,8.33,12.96,28.0
2025_15_DET_LA,2025,15,LA,DET,5.57,12.96,7.0
2025_15_GB_DEN,2025,15,DEN,GB,-0.18,12.96,8.0
2025_15_IND_SEA,2025,15,SEA,IND,4.47,12.96,2.0
2025_15_LAC_KC,2025,15,KC,LAC,4.26,12.96,-3.0
2025_15_LV_PHI,2025,15,PHI,LV,14.1,12.96,31.0
2025_15_MIN_DAL,2025,15,DAL,MIN,6.06,12.96,-8.0
2025_15_NYJ_JAX,2025,15,JAX,NYJ,12.11,12.96,28.0
2025_15_TEN_SF,2025,15,SF,TEN,15.33,12.96,13.0
2025_15_WAS_NYG,2025,15,NYG,WAS,3.03,12.96,-8.0
2025_15_MIA_PIT,2025,15,PIT,MIA,1.43,12.96,13.0
2025_16_LA_SEA,2025,16,SEA,LA,-0.06,12.96,1.0
2025_16_GB_CHI,2025,16,CHI,GB,-2.6,12.96,6.0
2025_16_PHI_WAS,2025,16,WAS,PHI,-7.5,12.96,-11.0
2025_16_ATL_ARI,2025,16,ARI,ATL,-1.03,12.96,-7.0
2025_16_BUF_CLE,2025,16,CLE,BUF,-15.87,12.96,-3.0
2025_16_CIN_MIA,2025,16,MIA,CIN,-1.31,12.96,-24.0
2025_16_JAX_DEN,2025,16,DEN,JAX,1.06,12.96,-14.0
2025_16_KC_TEN,2025,16,TEN,KC,-1.57,12.96,17.0
2025_16_LAC_DAL,2025,16,DAL,LAC,0.25,12.96,-17.0
2025_16_LV_HOU,2025,16,HOU,LV,14.47,12.96,2.0
2025_16_MIN_NYG,2025,16,NYG,MIN,1.23,12.96,-3.0
2025_16_NE_BAL,2025,16,BAL,NE,3.69,12.96,-4.0
2025_16_NYJ_NO,2025,16,NO,NYJ,2.23,12.96,23.0
2025_16_PIT_DET,2025,16,DET,PIT,5.15,12.96,-5.0
2025_16_TB_CAR,2025,16,CAR,TB,-3.45,12.96,3.0
2025_16_SF_IND,2025,16,IND,SF,1.15,12.96,-21.0
2025_17_DAL_WAS,2025,17,WAS,DAL,-3.68,12.96,-7.0
2025_17_DEN_KC,2025,17,KC,DEN,-4.28,12.96,-7.0
2025_17_DET_MIN,2025,17,MIN,DET,-6.83,12.96,13.0
2025_17_BAL_GB,2025,17,GB,BAL,2.59,12.96,-17.0
2025_17_HOU_LAC,2025,17,LAC,HOU,-0.23,12.96,-4.0
2025_17_ARI_CIN,2025,17,CIN,ARI,7.37,12.96,23.0
2025_17_CHI_SF,2025,17,SF,CHI,6.16,12.96,4.0
2025_17_JAX_IND,2025,17,IND,JAX,1.24,12.96,-6.0
2025_17_NE_NYJ,2025,17,NYJ,NE,-6.82,12.96,-32.0
2025_17_NO_TEN,2025,17,TEN,NO,0.56,12.96,-8.0
2025_17_NYG_LV,2025,17,LV,NYG,-0.65,12.96,-24.0
2025_17_PHI_BUF,2025,17,BUF,PHI,3.28,12.96,-1.0
2025_17_PIT_CLE,2025,17,CLE,PIT,-7.28,12.96,7.0
2025_17_SEA_CAR,2025,17,CAR,SEA,-8.32,12.96,-17.0
2025_17_TB_MIA,2025,17,MIA,TB,-2.85,12.96,3.0
2025_17_LA_ATL,2025,17,ATL,LA,-6.16,12.96,3.0
2025_18_CAR_TB,2025,18,TB,CAR,6.84,12.96,2.0
2025_18_SEA_SF,2025,18,SF,SEA,0.27,12.96,-10.0
2025_18_ARI_LA,2025,18,LA,ARI,13.68,12.96,17.0
2025_18_BAL_PIT,2025,18,PIT,BAL,-1.71,12.96,2.0
2025_18_CLE_CIN,2025,18,CIN,CLE,12.55,12.96,-2.0
2025_18_DAL_NYG,2025,18,NYG,DAL,-1.87,12.96,17.0
2025_18_DET_CHI,2025,18,CHI,DET,0.85,12.96,-3.0
2025_18_GB_MIN,2025,18,MIN,GB,10.62,12.96,13.0
2025_18_IND_HOU,2025,18,HOU,IND,5.76,12.96,8.0
2025_18_KC_LV,2025,18,LV,KC,-2.29,12.96,2.0
2025_18_LAC_DEN,2025,18,DEN,LAC,12.71,12.96,16.0
2025_18_MIA_NE,2025,18,NE,MIA,14.61,12.96,28.0
2025_18_NO_ATL,2025,18,ATL,NO,6.58,12.96,2.0
2025_18_NYJ_BUF,2025,18,BUF,NYJ,10.55,12.96,27.0
2025_18_TEN_JAX,2025,18,JAX,TEN,15.68,12.96,34.0
2025_18_WAS_PHI,2025,18,PHI,WAS,3.21,12.96,-7.0
2025_19_GB_CHI,2025,19,CHI,GB,1.79,12.96,4.0
2025_19_LA_CAR,2025,19,CAR,LA,-9.68,12.96,-3.0
2025_19_BUF_JAX,2025,19,JAX,BUF,1.96,12.96,-3.0
2025_19_LAC_NE,2025,19,NE,LAC,7.45,12.96,13.0
2025_19_SF_PHI,2025,19,PHI,SF,2.11,12.96,-4.0
2025_19_HOU_PIT,2025,19,PIT,HOU,-0.4,12.96,-24.0
2025_20_BUF_DEN,2025,20,DEN,BUF,0.42,12.96,3.0
2025_20_SF_SEA,2025,20,SEA,SF,4.42,12.96,35.0
2025_20_HOU_NE,2025,20,NE,HOU,4.19,12.96,12.0
2025_20_LA_CHI,2025,20,CHI,LA,-5.19,12.96,-3.0
2025_21_LA_SEA,2025,21,SEA,LA,2.38,12.96,4.0
2025_21_NE_DEN,2025,21,DEN,NE,-4.37,12.96,-3.0
2025_22_SEA_NE,2025,22,NE,SEA,-0.81,12.96,-16.0
2026_01_NE_SEA,2026,1,SEA,NE,3.51,12.93,3.0
2026_01_SF_LA,2026,1,LA,SF,1.19,12.93,-20.0
2026_01_ARI_LAC,2026,1,LAC,ARI,6.63,12.93,-12.0
2026_01_ATL_PIT,2026,1,PIT,ATL,7.2,12.93,7.0
2026_01_BAL_IND,2026,1,IND,BAL,-1.09,12.93,-18.0
2026_01_BUF_HOU,2026,1,HOU,BUF,0.1,12.93,-5.0
2026_01_CHI_CAR,2026,1,CAR,CHI,-1.16,12.93,-22.0
2026_01_CLE_JAX,2026,1,JAX,CLE,6.38,12.93,24.0
2026_01_DAL_NYG,2026,1,NYG,DAL,1.0,12.93,8.0
2026_01_GB_MIN,2026,1,MIN,GB,1.96,12.93,17.0
2026_01_MIA_LV,2026,1,LV,MIA,2.24,12.93,14.0
2026_01_NO_DET,2026,1,DET,NO,6.34,12.93,1.0
2026_01_NYJ_TEN,2026,1,TEN,NYJ,0.55,12.93,-13.0
2026_01_TB_CIN,2026,1,CIN,TB,3.09,12.93,6.0
2026_01_WAS_PHI,2026,1,PHI,WAS,5.17,12.93,2.0
2026_01_DEN_KC,2026,1,KC,DEN,3.39,12.93,21.0
2026_02_DET_BUF,2026,2,BUF,DET,5.38,12.93,10.0
2026_02_CAR_ATL,2026,2,ATL,CAR,6.99,12.93,-31.0
2026_02_CIN_HOU,2026,2,HOU,CIN,0.87,12.93,-14.0
2026_02_CLE_TB,2026,2,TB,CLE,4.86,12.93,-4.0
2026_02_GB_NYJ,2026,2,NYJ,GB,-1.99,12.93,-3.0
2026_02_IND_KC,2026,2,KC,IND,8.13,12.93,3.0
2026_02_JAX_DEN,2026,2,DEN,JAX,-2.63,12.93,7.0
2026_02_LV_LAC,2026,2,LAC,LV,3.37,12.93,-12.0
2026_02_MIA_SF,2026,2,SF,MIA,10.95,12.93,22.0
2026_02_MIN_CHI,2026,2,CHI,MIN,2.64,12.93,-6.0
2026_02_NO_BAL,2026,2,BAL,NO,8.04,12.93,-7.0
2026_02_PHI_TEN,2026,2,TEN,PHI,-6.74,12.93,-4.0
2026_02_PIT_NE,2026,2,NE,PIT,4.93,12.93,17.0
2026_02_SEA_ARI,2026,2,ARI,SEA,-2.79,12.93,-24.0
2026_02_WAS_DAL,2026,2,DAL,WAS,2.91,12.93,17.0
2026_02_NYG_LA,2026,2,LA,NYG,3.52,12.93,22.0
2026_03_ATL_GB,2026,3,GB,ATL,7.34,12.93,-21.0
2026_03_ARI_SF,2026,3,SF,ARI,11.7,12.93,6.0
2026_03_BAL_DAL,2026,3,DAL,BAL,-2.44,12.93,-3.0
2026_03_CAR_CLE,2026,3,CLE,CAR,2.97,12.93,3.0
2026_03_CIN_PIT,2026,3,PIT,CIN,-2.72,12.93,3.0
2026_03_HOU_IND,2026,3,IND,HOU,1.4,12.93,2.0
2026_03_KC_MIA,2026,3,MIA,KC,-7.61,12.93,-14.0
2026_03_LAC_BUF,2026,3,BUF,LAC,10.76,12.93,8.0
2026_03_LA_DEN,2026,3,DEN,LA,-0.13,12.93,4.0
2026_03_LV_NO,2026,3,NO,LV,2.46,12.93,-8.0
2026_03_MIN_TB,2026,3,TB,MIN,-3.2,12.93,-7.0
2026_03_NE_JAX,2026,3,JAX,NE,2.82,12.93,29.0
2026_03_NYJ_DET,2026,3,DET,NYJ,6.77,12.93,7.0
2026_03_SEA_WAS,2026,3,WAS,SEA,-5.26,12.93,2.0
2026_03_TEN_NYG,2026,3,NYG,TEN,4.92,12.93,5.0
2026_03_PHI_CHI,2026,3,CHI,PHI,0.95,12.93,20.0
2026_04_PIT_CLE,2026,4,CLE,PIT,1.52,12.93,3.0
2026_04_ARI_NYG,2026,4,NYG,ARI,1.56,12.93,12.0
2026_04_DAL_HOU,2026,4,HOU,DAL,1.25,12.93,-4.0
2026_04_DEN_SF,2026,4,SF,DEN,5.68,12.93,10.0
2026_04_DET_CAR,2026,4,CAR,DET,-3.12,12.93,6.0
2026_04_GB_TB,2026,4,TB,GB,-0.08,12.93,-3.0
2026_04_IND_WAS,2026,4,WAS,IND,-3.93,12.93,-17.0
2026_04_JAX_CIN,2026,4,CIN,JAX,-2.44,12.93,-5.0
2026_04_KC_LV,2026,4,LV,KC,-2.9,12.93,-3.0
2026_04_LAC_SEA,2026,4,SEA,LAC,8.35,12.93,7.0
2026_04_LA_PHI,2026,4,PHI,LA,-3.43,12.93,-4.0
2026_04_MIA_MIN,2026,4,MIN,MIA,10.89,12.93,5.0
2026_04_NE_BUF,2026,4,BUF,NE,7.75,12.93,-3.0
2026_04_NYJ_CHI,2026,4,CHI,NYJ,9.33,12.93,11.0
2026_04_TEN_BAL,2026,4,BAL,TEN,12.1,12.93,6.0
2026_04_ATL_NO,2026,4,NO,ATL,-0.0,12.93,-21.0
